Identificador do processo de viagem,Distancia_Notebook,Emissoes_Notebook,Distancia_Baseline,Emissoes_Baseline,Distancia_Itinerario,Diferenca_Distancia,Diferenca_Emissoes,Abs_Dif_Distancia,Perc_Dif_Emissoes,Dif_Dist_Notebook_vs_Itinerario
000000000000018835196,3937.5472,787.9355,3923.0016,717.3968,,14.5456,70.5387,14.5456,0.0983,
000000000000018924776,4432.3958,886.9588,4379.9485,800.9584,,52.4473,86.0004,52.4473,0.1074,
000000000000018932951,2322.2513,424.6686,2294.6939,419.6292,,27.5574,5.0394,27.5574,0.012,
000000000000018937420,3937.5472,787.9355,3923.0016,717.3968,,14.5456,70.5387,14.5456,0.0983,
000000000000018940972,4432.3958,886.9588,4379.9485,800.9584,,52.4473,86.0004,52.4473,0.1074,
000000000000018942342,6133.166,1227.2969,6109.5911,1117.257,,23.575,110.0399,23.575,0.0985,
000000000000018973156,4418.3644,884.151,4398.3351,804.3207,,20.0293,79.8303,20.0293,0.0993,
000000000000018997079,4432.3958,886.9588,4379.9485,800.9584,,52.4473,86.0004,52.4473,0.1074,
000000000000019001658,1335.8455,244.2852,1331.4793,243.4868,,4.3661,0.7984,4.3661,0.0033,
000000000000019006789,4432.3958,886.9588,4379.9485,800.9584,,52.4473,86.0004,52.4473,0.1074,
000000000000019012122,9396.6915,1880.3552,9403.3229,1881.6828,,-6.6314,-1.3276,6.6314,0.0007,
000000000000019016293,3424.9806,626.324,3426.84,626.664,,-1.8593,-0.34,1.8593,0.0005,
000000000000019019910,1103.5865,201.8122,1092.4729,297.7827,,11.1137,-95.9705,11.1137,0.3223,
000000000000019024524,5102.7877,1021.1097,5083.2953,929.5789,,19.4924,91.5308,19.4924,0.0985,
000000000000019032444,5182.9207,1037.145,5177.7979,946.8606,,5.1228,90.2844,5.1228,0.0954,
000000000000019040494,5006.3424,1001.8102,4992.8231,913.0343,,13.5193,88.7759,13.5193,0.0972,
000000000000019040802,5006.3424,1001.8102,4992.8231,913.0343,,13.5193,88.7759,13.5193,0.0972,
000000000000019041166,4432.3958,886.9588,4379.9485,800.9584,,52.4473,86.0004,52.4473,0.1074,
000000000000019041175,1522.9251,278.4963,1482.2388,271.0561,,40.6863,7.4402,40.6863,0.0274,
000000000000019041737,1522.9251,278.4963,1482.2388,271.0561,,40.6863,7.4402,40.6863,0.0274,
000000000000019044799,3937.5472,787.9355,3923.0016,717.3968,,14.5456,70.5387,14.5456,0.0983,
000000000000019045645,5006.3424,1001.8102,4992.8231,913.0343,,13.5193,88.7759,13.5193,0.0972,
000000000000019052755,4432.3958,886.9588,4379.9485,800.9584,,52.4473,86.0004,52.4473,0.1074,
000000000000019052806,4432.3958,886.9588,4379.9485,800.9584,,52.4473,86.0004,52.4473,0.1074,
000000000000019052847,4432.3958,886.9588,4379.9485,800.9584,,52.4473,86.0004,52.4473,0.1074,
000000000000019052875,1522.9251,278.4963,1482.2388,271.0561,,40.6863,7.4402,40.6863,0.0274,
000000000000019052928,3424.9806,626.324,3426.84,626.664,,-1.8593,-0.34,1.8593,0.0005,
000000000000019062585,3265.101,597.0869,3262.9123,596.6867,,2.1888,0.4002,2.1888,0.0007,
000000000000019065213,3265.101,597.0869,3262.9123,596.6867,,2.1888,0.4002,2.1888,0.0007,
000000000000019066792,4372.2856,874.9303,4387.73,802.3814,,-15.4444,72.5489,15.4444,0.0904,
000000000000019067746,4372.2856,874.9303,4387.73,802.3814,,-15.4444,72.5489,15.4444,0.0904,
000000000000019067802,3424.9806,626.324,3426.84,626.664,,-1.8593,-0.34,1.8593,0.0005,
000000000000019070440,5388.084,1078.1999,5391.1647,985.8788,,-3.0806,92.3211,3.0806,0.0936,
000000000000019071863,4432.3958,886.9588,4379.9485,800.9584,,52.4473,86.0004,52.4473,0.1074,
000000000000019071945,4432.3958,886.9588,4379.9485,800.9584,,52.4473,86.0004,52.4473,0.1074,
000000000000019072200,5182.9207,1037.145,5177.7979,946.8606,,5.1228,90.2844,5.1228,0.0954,
000000000000019072379,4432.3958,886.9588,4379.9485,800.9584,,52.4473,86.0004,52.4473,0.1074,
000000000000019073413,5399.5091,1080.4861,5401.4639,1034.0429,,-1.9548,46.4432,1.9548,0.0449,
000000000000019076735,1522.9251,278.4963,1482.2388,271.0561,,40.6863,7.4402,40.6863,0.0274,
000000000000019076783,4432.3958,886.9588,4379.9485,800.9584,,52.4473,86.0004,52.4473,0.1074,
000000000000019076874,3424.9806,626.324,3426.84,626.664,,-1.8593,-0.34,1.8593,0.0005,
000000000000019077191,592.2125,161.4234,558.1389,152.1357,,34.0735,9.2877,34.0735,0.061,
000000000000019078236,4432.3958,886.9588,4379.9485,800.9584,,52.4473,86.0004,52.4473,0.1074,
000000000000019083755,3161.8634,578.2079,3136.7789,573.6207,,25.0846,4.5872,25.0846,0.008,
000000000000019083928,4432.3958,886.9588,4379.9485,800.9584,,52.4473,86.0004,52.4473,0.1074,
000000000000019086266,1522.9251,278.4963,1482.2388,271.0561,,40.6863,7.4402,40.6863,0.0274,
000000000000019092693,3424.9806,626.324,3426.84,626.664,,-1.8593,-0.34,1.8593,0.0005,
000000000000019097605,4432.3958,886.9588,4379.9485,800.9584,,52.4473,86.0004,52.4473,0.1074,
000000000000019098667,5102.7877,1021.1097,5083.2953,929.5789,,19.4924,91.5308,19.4924,0.0985,
000000000000019099989,3424.9806,626.324,3426.84,626.664,,-1.8593,-0.34,1.8593,0.0005,
000000000000019100577,3424.9806,626.324,3426.84,626.664,,-1.8593,-0.34,1.8593,0.0005,
000000000000019101393,2926.3935,535.1477,2917.0456,533.4382,,9.348,1.7095,9.348,0.0032,
000000000000019103008,3424.9806,626.324,3426.84,626.664,,-1.8593,-0.34,1.8593,0.0005,
000000000000019103460,3453.3416,631.5104,3429.6731,627.1821,,23.6686,4.3283,23.6686,0.0069,
000000000000019104129,3424.9806,626.324,3426.84,626.664,,-1.8593,-0.34,1.8593,0.0005,
000000000000019104392,3424.9806,626.324,3426.84,626.664,,-1.8593,-0.34,1.8593,0.0005,
000000000000019105380,3937.5472,787.9355,3923.0016,717.3968,,14.5456,70.5387,14.5456,0.0983,
000000000000019105898,3424.9806,626.324,3426.84,626.664,,-1.8593,-0.34,1.8593,0.0005,
000000000000019107006,4372.2856,874.9303,4387.73,802.3814,,-15.4444,72.5489,15.4444,0.0904,
000000000000019109127,2129.5931,389.4373,2100.4987,384.1168,,29.0944,5.3205,29.0944,0.0139,
000000000000019109815,3937.5472,787.9355,3923.0016,717.3968,,14.5456,70.5387,14.5456,0.0983,
000000000000019110466,3161.8634,578.2079,3136.7789,573.6207,,25.0846,4.5872,25.0846,0.008,
000000000000019112399,2977.6605,544.5228,2931.0937,536.0072,,46.5668,8.5156,46.5668,0.0159,
000000000000019119044,4432.3958,886.9588,4379.9485,800.9584,,52.4473,86.0004,52.4473,0.1074,
000000000000019119278,3424.9806,626.324,3426.84,626.664,,-1.8593,-0.34,1.8593,0.0005,
000000000000019119322,4432.3958,886.9588,4379.9485,800.9584,,52.4473,86.0004,52.4473,0.1074,
000000000000019122653,4432.3958,886.9588,4379.9485,800.9584,,52.4473,86.0004,52.4473,0.1074,
000000000000019123862,3424.9806,626.324,3426.84,626.664,,-1.8593,-0.34,1.8593,0.0005,
000000000000019124091,3424.9806,626.324,3426.84,626.664,,-1.8593,-0.34,1.8593,0.0005,
000000000000019127610,592.2125,161.4234,558.1389,152.1357,,34.0735,9.2877,34.0735,0.061,
000000000000019128220,1522.9251,278.4963,1482.2388,271.0561,,40.6863,7.4402,40.6863,0.0274,
000000000000019132757,3906.8197,781.7867,3882.7346,710.0332,,24.0851,71.7535,24.0851,0.1011,
000000000000019133755,971.8892,177.7287,973.4693,265.3451,,-1.5802,-87.6164,1.5802,0.3302,
000000000000019133964,971.8892,177.7287,973.4693,265.3451,,-1.5802,-87.6164,1.5802,0.3302,
000000000000019140654,3424.9806,626.324,3426.84,626.664,,-1.8593,-0.34,1.8593,0.0005,
000000000000019144173,4173.2572,835.103,4164.6738,761.5912,,8.5834,73.5118,8.5834,0.0965,
000000000000019145555,2157.4348,394.5287,2163.0733,395.5598,,-5.6385,-1.0311,5.6385,0.0026,
000000000000019146238,2157.4348,394.5287,2163.0733,395.5598,,-5.6385,-1.0311,5.6385,0.0026,
000000000000019147252,3937.5472,787.9355,3923.0016,717.3968,,14.5456,70.5387,14.5456,0.0983,
000000000000019147264,3424.9806,626.324,3426.84,626.664,,-1.8593,-0.34,1.8593,0.0005,
000000000000019157213,3424.9806,626.324,3426.84,626.664,,-1.8593,-0.34,1.8593,0.0005,
000000000000019158173,3937.5472,787.9355,3923.0016,717.3968,,14.5456,70.5387,14.5456,0.0983,
000000000000019159155,3424.9806,626.324,3426.84,626.664,,-1.8593,-0.34,1.8593,0.0005,
000000000000019159709,5852.787,1171.1908,5834.0911,1066.8765,,18.6959,104.3143,18.6959,0.0978,
000000000000019161758,4372.2856,874.9303,4387.73,802.3814,,-15.4444,72.5489,15.4444,0.0904,
000000000000019161852,4372.2856,874.9303,4387.73,802.3814,,-15.4444,72.5489,15.4444,0.0904,
000000000000019161960,3937.5472,787.9355,3923.0016,717.3968,,14.5456,70.5387,14.5456,0.0983,
000000000000019162088,3937.5472,787.9355,3923.0016,717.3968,,14.5456,70.5387,14.5456,0.0983,
000000000000019162401,3922.0052,784.8255,3911.011,715.2041,,10.9942,69.6214,10.9942,0.0973,
000000000000019163841,3424.9806,626.324,3426.84,626.664,,-1.8593,-0.34,1.8593,0.0005,
000000000000019164813,399.6455,108.9341,361.9597,98.6618,,37.6858,10.2723,37.6858,0.1041,
000000000000019165091,2837.4436,518.8815,2826.9311,516.9591,,10.5125,1.9224,10.5125,0.0037,
000000000000019165330,3424.9806,626.324,3426.84,626.664,,-1.8593,-0.34,1.8593,0.0005,
000000000000019165342,3453.3416,631.5104,3429.6731,627.1821,,23.6686,4.3283,23.6686,0.0069,
000000000000019165790,5209.5924,1042.4822,5206.5206,952.1131,,3.0718,90.3691,3.0718,0.0949,
000000000000019166671,4432.3958,886.9588,4379.9485,800.9584,,52.4473,86.0004,52.4473,0.1074,
000000000000019167013,3937.5472,787.9355,3923.0016,717.3968,,14.5456,70.5387,14.5456,0.0983,
000000000000019167301,3424.9806,626.324,3426.84,626.664,,-1.8593,-0.34,1.8593,0.0005,
000000000000019167695,3424.9806,626.324,3426.84,626.664,,-1.8593,-0.34,1.8593,0.0005,
000000000000019168558,5138.4957,1028.2552,5146.5065,941.1383,,-8.0108,87.1169,8.0108,0.0926,
000000000000019171863,3948.7858,790.1845,3923.0016,717.3968,,25.7843,72.7877,25.7843,0.1015,
000000000000019174177,3424.9806,626.324,3426.84,626.664,,-1.8593,-0.34,1.8593,0.0005,
000000000000019180265,3424.9806,626.324,3426.84,626.664,,-1.8593,-0.34,1.8593,0.0005,
000000000000019181658,5388.084,1078.1999,5391.1647,985.8788,,-3.0806,92.3211,3.0806,0.0936,
000000000000019181725,3424.9806,626.324,3426.84,626.664,,-1.8593,-0.34,1.8593,0.0005,
000000000000019185075,3424.9806,626.324,3426.84,626.664,,-1.8593,-0.34,1.8593,0.0005,
000000000000019185446,3424.9806,626.324,3426.84,626.664,,-1.8593,-0.34,1.8593,0.0005,
000000000000019185584,3424.9806,626.324,3426.84,626.664,,-1.8593,-0.34,1.8593,0.0005,
000000000000019185588,3937.5472,787.9355,3923.0016,717.3968,,14.5456,70.5387,14.5456,0.0983,
000000000000019186885,3424.9806,626.324,3426.84,626.664,,-1.8593,-0.34,1.8593,0.0005,
000000000000019188134,5209.5924,1042.4822,5206.5206,952.1131,,3.0718,90.3691,3.0718,0.0949,
000000000000019188851,3777.7725,755.9633,3750.5965,685.8692,,27.176,70.0941,27.176,0.1022,
000000000000019190127,2322.2513,424.6686,2294.6939,419.6292,,27.5574,5.0394,27.5574,0.012,
000000000000019190182,4372.2856,874.9303,4387.73,802.3814,,-15.4444,72.5489,15.4444,0.0904,
000000000000019190345,3424.9806,626.324,3426.84,626.664,,-1.8593,-0.34,1.8593,0.0005,
000000000000019190388,3727.4501,745.8934,3727.6272,681.6688,,-0.1772,64.2246,0.1772,0.0942,
000000000000019194811,3937.5472,787.9355,3923.0016,717.3968,,14.5456,70.5387,14.5456,0.0983,
000000000000019195283,3777.7725,755.9633,3750.5965,685.8692,,27.176,70.0941,27.176,0.1022,
000000000000019198027,1522.9251,278.4963,1482.2388,271.0561,,40.6863,7.4402,40.6863,0.0274,
000000000000019199992,5852.787,1171.1908,5834.0911,1066.8765,,18.6959,104.3143,18.6959,0.0978,
000000000000019203299,4432.3958,886.9588,4379.9485,800.9584,,52.4473,86.0004,52.4473,0.1074,
000000000000019203431,4432.3958,886.9588,4379.9485,800.9584,,52.4473,86.0004,52.4473,0.1074,
000000000000019203473,3453.3416,631.5104,3429.6731,627.1821,,23.6686,4.3283,23.6686,0.0069,
000000000000019203567,3453.3416,631.5104,3429.6731,627.1821,,23.6686,4.3283,23.6686,0.0069,
000000000000019205181,3937.5472,787.9355,3923.0016,717.3968,,14.5456,70.5387,14.5456,0.0983,
000000000000019208009,971.8892,177.7287,973.4693,265.3451,,-1.5802,-87.6164,1.5802,0.3302,
000000000000019212209,5102.7877,1021.1097,5083.2953,929.5789,,19.4924,91.5308,19.4924,0.0985,
000000000000019212969,3937.5472,787.9355,3923.0016,717.3968,,14.5456,70.5387,14.5456,0.0983,
000000000000019214722,5760.625,1152.7484,5750.3779,1051.5679,,10.2472,101.1805,10.2472,0.0962,
000000000000019215547,3424.9806,626.324,3426.84,626.664,,-1.8593,-0.34,1.8593,0.0005,
000000000000019216702,3424.9806,626.324,3426.84,626.664,,-1.8593,-0.34,1.8593,0.0005,
000000000000019217117,971.8892,177.7287,973.4693,265.3451,,-1.5802,-87.6164,1.5802,0.3302,
000000000000019218221,1932.9384,353.4752,1924.7683,351.9811,,8.17,1.4941,8.17,0.0042,
000000000000019218897,3424.9806,626.324,3426.84,626.664,,-1.8593,-0.34,1.8593,0.0005,
000000000000019220954,592.2125,161.4234,558.1389,152.1357,,34.0735,9.2877,34.0735,0.061,
000000000000019222691,3424.9806,626.324,3426.84,626.664,,-1.8593,-0.34,1.8593,0.0005,
000000000000019223541,4432.3958,886.9588,4379.9485,800.9584,,52.4473,86.0004,52.4473,0.1074,
000000000000019223661,4432.3958,886.9588,4379.9485,800.9584,,52.4473,86.0004,52.4473,0.1074,
000000000000019224616,5973.9864,1195.4438,5969.5297,1091.644,,4.4567,103.7998,4.4567,0.0951,
000000000000019225071,592.2125,161.4234,558.1389,152.1357,,34.0735,9.2877,34.0735,0.061,
000000000000019229574,3424.9806,626.324,3426.84,626.664,,-1.8593,-0.34,1.8593,0.0005,
000000000000019231480,1103.5865,201.8122,1092.4729,297.7827,,11.1137,-95.9705,11.1137,0.3223,
000000000000019231762,4432.3958,886.9588,4379.9485,800.9584,,52.4473,86.0004,52.4473,0.1074,
000000000000019231794,3424.9806,626.324,3426.84,626.664,,-1.8593,-0.34,1.8593,0.0005,
000000000000019231868,5973.9864,1195.4438,5969.5297,1091.644,,4.4567,103.7998,4.4567,0.0951,
000000000000019232693,5973.9864,1195.4438,5969.5297,1091.644,,4.4567,103.7998,4.4567,0.0951,
000000000000019236125,3424.9806,626.324,3426.84,626.664,,-1.8593,-0.34,1.8593,0.0005,
000000000000019236386,5520.2366,1104.6447,5634.1966,1030.3219,,-113.96,74.3228,113.96,0.0721,
000000000000019236544,3306.7382,604.7011,3310.0043,605.2984,,-3.2662,-0.5973,3.2662,0.001,
000000000000019237284,5520.2366,1104.6447,5634.1966,1030.3219,,-113.96,74.3228,113.96,0.0721,
000000000000019238106,3424.9806,626.324,3426.84,626.664,,-1.8593,-0.34,1.8593,0.0005,
000000000000019240270,3034.3293,554.8858,3030.0198,554.0978,,4.3095,0.788,4.3095,0.0014,
000000000000019241806,4372.2856,874.9303,4387.73,802.3814,,-15.4444,72.5489,15.4444,0.0904,
000000000000019243314,2694.042,492.6577,2695.5823,492.9394,,-1.5403,-0.2817,1.5403,0.0006,
000000000000019243698,3424.9806,626.324,3426.84,626.664,,-1.8593,-0.34,1.8593,0.0005,
000000000000019244383,5388.084,1078.1999,5391.1647,985.8788,,-3.0806,92.3211,3.0806,0.0936,
000000000000019244559,5388.084,1078.1999,5391.1647,985.8788,,-3.0806,92.3211,3.0806,0.0936,
000000000000019244596,5388.084,1078.1999,5391.1647,985.8788,,-3.0806,92.3211,3.0806,0.0936,
000000000000019245152,3937.5472,787.9355,3923.0016,717.3968,,14.5456,70.5387,14.5456,0.0983,
000000000000019245207,4259.1862,852.2982,4200.9975,768.2337,,58.1888,84.0645,58.1888,0.1094,
000000000000019245814,3265.101,597.0869,3262.9123,596.6867,,2.1888,0.4002,2.1888,0.0007,
000000000000019246181,3937.5472,787.9355,3923.0016,717.3968,,14.5456,70.5387,14.5456,0.0983,
000000000000019246583,2837.4436,518.8815,2826.9311,516.9591,,10.5125,1.9224,10.5125,0.0037,
000000000000019246644,3937.5472,787.9355,3923.0016,717.3968,,14.5456,70.5387,14.5456,0.0983,
000000000000019247437,399.6455,108.9341,361.9597,98.6618,,37.6858,10.2723,37.6858,0.1041,
000000000000019247937,5388.084,1078.1999,5391.1647,985.8788,,-3.0806,92.3211,3.0806,0.0936,
000000000000019249250,3937.5472,787.9355,3923.0016,717.3968,,14.5456,70.5387,14.5456,0.0983,
000000000000019249317,3937.5472,787.9355,3923.0016,717.3968,,14.5456,70.5387,14.5456,0.0983,
000000000000019249490,3424.9806,626.324,3426.84,626.664,,-1.8593,-0.34,1.8593,0.0005,
000000000000019249701,3424.9806,626.324,3426.84,626.664,,-1.8593,-0.34,1.8593,0.0005,
000000000000019251260,1103.5865,201.8122,1092.4729,297.7827,,11.1137,-95.9705,11.1137,0.3223,
000000000000019251876,3424.9806,626.324,3426.84,626.664,,-1.8593,-0.34,1.8593,0.0005,
000000000000019252820,3937.5472,787.9355,3923.0016,717.3968,,14.5456,70.5387,14.5456,0.0983,
000000000000019253229,3265.101,597.0869,3262.9123,596.6867,,2.1888,0.4002,2.1888,0.0007,
000000000000019253523,3453.3416,631.5104,3429.6731,627.1821,,23.6686,4.3283,23.6686,0.0069,
000000000000019253786,3777.7725,755.9633,3750.5965,685.8692,,27.176,70.0941,27.176,0.1022,
000000000000019254506,3308.0198,604.9354,3308.4229,605.0092,,-0.4031,-0.0738,0.4031,0.0001,
000000000000019254569,2263.8827,413.9948,2254.5322,412.2848,,9.3506,1.71,9.3506,0.0041,
000000000000019256805,3424.9806,626.324,3426.84,626.664,,-1.8593,-0.34,1.8593,0.0005,
000000000000019259579,5520.2366,1104.6447,5634.1966,1030.3219,,-113.96,74.3228,113.96,0.0721,
000000000000019260865,3424.9806,626.324,3426.84,626.664,,-1.8593,-0.34,1.8593,0.0005,
000000000000019261039,3937.5472,787.9355,3923.0016,717.3968,,14.5456,70.5387,14.5456,0.0983,
000000000000019261081,3937.5472,787.9355,3923.0016,717.3968,,14.5456,70.5387,14.5456,0.0983,
000000000000019262550,971.8892,177.7287,973.4693,265.3451,,-1.5802,-87.6164,1.5802,0.3302,
000000000000019262936,4432.3958,886.9588,4379.9485,800.9584,,52.4473,86.0004,52.4473,0.1074,
000000000000019265849,3424.9806,626.324,3426.84,626.664,,-1.8593,-0.34,1.8593,0.0005,
000000000000019268869,796.967,145.7408,791.1972,215.662,,5.7698,-69.9212,5.7698,0.3242,
000000000000019269173,3424.9806,626.324,3426.84,626.664,,-1.8593,-0.34,1.8593,0.0005,
000000000000019269792,4432.3958,886.9588,4379.9485,800.9584,,52.4473,86.0004,52.4473,0.1074,
000000000000019270158,5102.7877,1021.1097,5083.2953,929.5789,,19.4924,91.5308,19.4924,0.0985,
000000000000019274544,3424.9806,626.324,3426.84,626.664,,-1.8593,-0.34,1.8593,0.0005,
000000000000019274735,4432.3958,886.9588,4379.9485,800.9584,,52.4473,86.0004,52.4473,0.1074,
000000000000019275186,3937.5472,787.9355,3923.0016,717.3968,,14.5456,70.5387,14.5456,0.0983,
000000000000019275566,3348.3753,612.3152,3357.0964,613.9101,,-8.7211,-1.5949,8.7211,0.0026,
000000000000019276393,3424.9806,626.324,3426.84,626.664,,-1.8593,-0.34,1.8593,0.0005,
000000000000019277297,3424.9806,626.324,3426.84,626.664,,-1.8593,-0.34,1.8593,0.0005,
000000000000019277981,3424.9806,626.324,3426.84,626.664,,-1.8593,-0.34,1.8593,0.0005,
000000000000019278767,3925.4849,785.5218,3918.1773,716.5145,,7.3076,69.0073,7.3076,0.0963,
000000000000019280102,13341.1526,2669.6742,13338.2055,2669.0854,,2.9471,0.5888,2.9471,0.0002,
000000000000019280831,796.967,145.7408,791.1972,215.662,,5.7698,-69.9212,5.7698,0.3242,
000000000000019281212,13341.1526,2669.6742,13338.2055,2669.0854,,2.9471,0.5888,2.9471,0.0002,
000000000000019281441,13341.1526,2669.6742,13338.2055,2669.0854,,2.9471,0.5888,2.9471,0.0002,
000000000000019281615,13341.1526,2669.6742,13338.2055,2669.0854,,2.9471,0.5888,2.9471,0.0002,
000000000000019281740,13341.1526,2669.6742,13338.2055,2669.0854,,2.9471,0.5888,2.9471,0.0002,
000000000000019282859,13341.1526,2669.6742,13338.2055,2669.0854,,2.9471,0.5888,2.9471,0.0002,
000000000000019283813,3925.4849,785.5218,3918.1773,716.5145,,7.3076,69.0073,7.3076,0.0963,
000000000000019283835,3424.9806,626.324,3426.84,626.664,,-1.8593,-0.34,1.8593,0.0005,
000000000000019283968,5388.084,1078.1999,5391.1647,985.8788,,-3.0806,92.3211,3.0806,0.0936,
000000000000019284018,3925.4849,785.5218,3918.1773,716.5145,,7.3076,69.0073,7.3076,0.0963,
000000000000019285122,1522.9251,278.4963,1482.2388,271.0561,,40.6863,7.4402,40.6863,0.0274,
000000000000019285853,4372.2856,874.9303,4387.73,802.3814,,-15.4444,72.5489,15.4444,0.0904,
000000000000019286033,3265.101,597.0869,3262.9123,596.6867,,2.1888,0.4002,2.1888,0.0007,
000000000000019286475,3315.1196,606.2338,3342.0276,611.1544,,-26.9079,-4.9206,26.9079,0.0081,
000000000000019287574,3424.9806,626.324,3426.84,626.664,,-1.8593,-0.34,1.8593,0.0005,
000000000000019287629,796.967,145.7408,791.1972,215.662,,5.7698,-69.9212,5.7698,0.3242,
000000000000019288360,5809.7361,1162.5759,5809.1741,1062.3199,,0.562,100.256,0.562,0.0944,
000000000000019290952,796.967,145.7408,791.1972,215.662,,5.7698,-69.9212,5.7698,0.3242,
000000000000019290976,4432.3958,886.9588,4379.9485,800.9584,,52.4473,86.0004,52.4473,0.1074,
000000000000019291123,3424.9806,626.324,3426.84,626.664,,-1.8593,-0.34,1.8593,0.0005,
000000000000019291959,3424.9806,626.324,3426.84,626.664,,-1.8593,-0.34,1.8593,0.0005,
000000000000019292173,3424.9806,626.324,3426.84,626.664,,-1.8593,-0.34,1.8593,0.0005,
000000000000019293715,5190.5036,1038.6624,5159.6698,943.5455,,30.8338,95.1169,30.8338,0.1008,
000000000000019293802,3034.3293,554.8858,3030.0198,554.0978,,4.3095,0.788,4.3095,0.0014,
000000000000019295088,3265.101,597.0869,3262.9123,596.6867,,2.1888,0.4002,2.1888,0.0007,
000000000000019295355,3453.3416,631.5104,3429.6731,627.1821,,23.6686,4.3283,23.6686,0.0069,
000000000000019296208,6133.166,1227.2969,6109.5911,1117.257,,23.575,110.0399,23.575,0.0985,
000000000000019297861,3308.0198,604.9354,3308.4229,605.0092,,-0.4031,-0.0738,0.4031,0.0001,
000000000000019298105,6133.166,1227.2969,6109.5911,1117.257,,23.575,110.0399,23.575,0.0985,
000000000000019299833,3265.101,597.0869,3262.9123,596.6867,,2.1888,0.4002,2.1888,0.0007,
000000000000019300170,3348.3753,612.3152,3357.0964,613.9101,,-8.7211,-1.5949,8.7211,0.0026,
000000000000019300853,3424.9806,626.324,3426.84,626.664,,-1.8593,-0.34,1.8593,0.0005,
000000000000019301303,5182.9207,1037.145,5177.7979,946.8606,,5.1228,90.2844,5.1228,0.0954,
000000000000019304242,5997.6506,1200.1792,5965.5834,1090.9224,,32.0672,109.2568,32.0672,0.1002,
000000000000019304357,1522.9251,278.4963,1482.2388,271.0561,,40.6863,7.4402,40.6863,0.0274,
000000000000019304384,1629.4432,297.9752,1635.8113,299.1398,,-6.3681,-1.1646,6.3681,0.0039,
000000000000019304742,1522.9251,278.4963,1482.2388,271.0561,,40.6863,7.4402,40.6863,0.0274,
000000000000019305842,2473.9529,452.4102,2454.5394,448.86,,19.4135,3.5502,19.4135,0.0079,
000000000000019309933,4372.2856,874.9303,4387.73,802.3814,,-15.4444,72.5489,15.4444,0.0904,
000000000000019310853,5182.9207,1037.145,5177.7979,946.8606,,5.1228,90.2844,5.1228,0.0954,
000000000000019311024,3265.101,597.0869,3262.9123,596.6867,,2.1888,0.4002,2.1888,0.0007,
000000000000019311228,6136.2672,1227.9175,6131.9119,1121.3388,,4.3553,106.5787,4.3553,0.095,
000000000000019312461,5388.084,1078.1999,5391.1647,985.8788,,-3.0806,92.3211,3.0806,0.0936,
000000000000019312470,3453.3416,631.5104,3429.6731,627.1821,,23.6686,4.3283,23.6686,0.0069,
000000000000019312513,3937.5472,787.9355,3923.0016,717.3968,,14.5456,70.5387,14.5456,0.0983,
000000000000019313222,5809.7361,1162.5759,5809.1741,1062.3199,,0.562,100.256,0.562,0.0944,
000000000000019313347,5388.084,1078.1999,5391.1647,985.8788,,-3.0806,92.3211,3.0806,0.0936,
000000000000019313568,5388.084,1078.1999,5391.1647,985.8788,,-3.0806,92.3211,3.0806,0.0936,
000000000000019314122,4432.3958,886.9588,4379.9485,800.9584,,52.4473,86.0004,52.4473,0.1074,
000000000000019314332,5809.7361,1162.5759,5809.1741,1062.3199,,0.562,100.256,0.562,0.0944,
000000000000019314417,5809.7361,1162.5759,5809.1741,1062.3199,,0.562,100.256,0.562,0.0944,
000000000000019314758,3424.9806,626.324,3426.84,626.664,,-1.8593,-0.34,1.8593,0.0005,
000000000000019315632,4432.3958,886.9588,4379.9485,800.9584,,52.4473,86.0004,52.4473,0.1074,
000000000000019315974,796.967,145.7408,791.1972,215.662,,5.7698,-69.9212,5.7698,0.3242,
000000000000019316173,4432.3958,886.9588,4379.9485,800.9584,,52.4473,86.0004,52.4473,0.1074,
000000000000019316258,1809.3403,330.8729,1802.4813,329.6186,,6.859,1.2543,6.859,0.0038,
000000000000019316531,3161.8634,578.2079,3136.7789,573.6207,,25.0846,4.5872,25.0846,0.008,
000000000000019316534,4181.5518,836.7629,4159.2084,760.5918,,22.3433,76.1711,22.3433,0.1001,
000000000000019317291,3424.9806,626.324,3426.84,626.664,,-1.8593,-0.34,1.8593,0.0005,
000000000000019318403,5388.084,1078.1999,5391.1647,985.8788,,-3.0806,92.3211,3.0806,0.0936,
000000000000019318681,3424.9806,626.324,3426.84,626.664,,-1.8593,-0.34,1.8593,0.0005,
000000000000019318863,3453.3416,631.5104,3429.6731,627.1821,,23.6686,4.3283,23.6686,0.0069,
000000000000019321397,3937.5472,787.9355,3923.0016,717.3968,,14.5456,70.5387,14.5456,0.0983,
000000000000019321680,5182.9207,1037.145,5177.7979,946.8606,,5.1228,90.2844,5.1228,0.0954,
000000000000019322431,1809.3403,330.8729,1802.4813,329.6186,,6.859,1.2543,6.859,0.0038,
000000000000019323094,5388.084,1078.1999,5391.1647,985.8788,,-3.0806,92.3211,3.0806,0.0936,
000000000000019323168,5138.4957,1028.2552,5146.5065,941.1383,,-8.0108,87.1169,8.0108,0.0926,
000000000000019323399,4432.3958,886.9588,4379.9485,800.9584,,52.4473,86.0004,52.4473,0.1074,
000000000000019328308,5388.084,1078.1999,5391.1647,985.8788,,-3.0806,92.3211,3.0806,0.0936,
000000000000019328310,1809.3403,330.8729,1802.4813,329.6186,,6.859,1.2543,6.859,0.0038,
000000000000019328610,1522.9251,278.4963,1482.2388,271.0561,,40.6863,7.4402,40.6863,0.0274,
000000000000019330579,5388.084,1078.1999,5391.1647,985.8788,,-3.0806,92.3211,3.0806,0.0936,
000000000000019331108,1522.9251,278.4963,1482.2388,271.0561,,40.6863,7.4402,40.6863,0.0274,
000000000000019331181,3937.5472,787.9355,3923.0016,717.3968,,14.5456,70.5387,14.5456,0.0983,
000000000000019332563,3937.5472,787.9355,3923.0016,717.3968,,14.5456,70.5387,14.5456,0.0983,
000000000000019332583,3424.9806,626.324,3426.84,626.664,,-1.8593,-0.34,1.8593,0.0005,
000000000000019338561,3424.9806,626.324,3426.84,626.664,,-1.8593,-0.34,1.8593,0.0005,
000000000000019338578,5388.084,1078.1999,5391.1647,985.8788,,-3.0806,92.3211,3.0806,0.0936,
000000000000019340849,6133.166,1227.2969,6109.5911,1117.257,,23.575,110.0399,23.575,0.0985,
000000000000019340895,6133.166,1227.2969,6109.5911,1117.257,,23.575,110.0399,23.575,0.0985,
000000000000019340929,1522.9251,278.4963,1482.2388,271.0561,,40.6863,7.4402,40.6863,0.0274,
000000000000019341809,4403.0847,881.0934,4379.9485,800.9584,,23.1362,80.135,23.1362,0.1,
000000000000019342070,6133.166,1227.2969,6109.5911,1117.257,,23.575,110.0399,23.575,0.0985,
000000000000019342110,6133.166,1227.2969,6109.5911,1117.257,,23.575,110.0399,23.575,0.0985,
000000000000019342162,6133.166,1227.2969,6109.5911,1117.257,,23.575,110.0399,23.575,0.0985,
000000000000019342313,1335.8455,244.2852,1331.4793,243.4868,,4.3661,0.7984,4.3661,0.0033,
000000000000019342620,3937.5472,787.9355,3923.0016,717.3968,,14.5456,70.5387,14.5456,0.0983,
000000000000019342982,5388.084,1078.1999,5391.1647,985.8788,,-3.0806,92.3211,3.0806,0.0936,
000000000000019344229,5388.084,1078.1999,5391.1647,985.8788,,-3.0806,92.3211,3.0806,0.0936,
000000000000019345403,11497.494,2300.743,11523.2285,2305.8934,,-25.7345,-5.1504,25.7345,0.0022,
000000000000019346425,3424.9806,626.324,3426.84,626.664,,-1.8593,-0.34,1.8593,0.0005,
000000000000019346753,5520.2366,1104.6447,5634.1966,1030.3219,,-113.96,74.3228,113.96,0.0721,
000000000000019349153,5388.084,1078.1999,5391.1647,985.8788,,-3.0806,92.3211,3.0806,0.0936,
000000000000019350753,5388.084,1078.1999,5391.1647,985.8788,,-3.0806,92.3211,3.0806,0.0936,
000000000000019354127,3424.9806,626.324,3426.84,626.664,,-1.8593,-0.34,1.8593,0.0005,
000000000000019355134,4059.1202,812.2633,4038.1193,738.4483,,21.0009,73.815,21.0009,0.1,
000000000000019355222,5102.7877,1021.1097,5083.2953,929.5789,,19.4924,91.5308,19.4924,0.0985,
000000000000019356197,3453.3416,631.5104,3429.6731,627.1821,,23.6686,4.3283,23.6686,0.0069,
000000000000019358004,4801.0338,960.7263,4757.75,870.0467,,43.2838,90.6796,43.2838,0.1042,
000000000000019358374,3424.9806,626.324,3426.84,626.664,,-1.8593,-0.34,1.8593,0.0005,
000000000000019358601,3424.9806,626.324,3426.84,626.664,,-1.8593,-0.34,1.8593,0.0005,
000000000000019359809,1522.9251,278.4963,1482.2388,271.0561,,40.6863,7.4402,40.6863,0.0274,
000000000000019364058,5102.7877,1021.1097,5083.2953,929.5789,,19.4924,91.5308,19.4924,0.0985,
000000000000019366689,4432.3958,886.9588,4379.9485,800.9584,,52.4473,86.0004,52.4473,0.1074,
000000000000019368089,5520.2366,1104.6447,5634.1966,1030.3219,,-113.96,74.3228,113.96,0.0721,
000000000000019368241,1712.4903,313.162,1713.42,313.332,,-0.9297,-0.17,0.9297,0.0005,
000000000000019368812,3161.8634,578.2079,3136.7789,573.6207,,25.0846,4.5872,25.0846,0.008,
000000000000019368827,2482.4406,453.9623,2461.7073,450.1708,,20.7333,3.7915,20.7333,0.0084,
000000000000019370084,4372.2856,874.9303,4387.73,802.3814,,-15.4444,72.5489,15.4444,0.0904,
000000000000019371558,1522.9251,278.4963,1482.2388,271.0561,,40.6863,7.4402,40.6863,0.0274,
000000000000019371687,1522.9251,278.4963,1482.2388,271.0561,,40.6863,7.4402,40.6863,0.0274,
000000000000019372630,3937.5472,787.9355,3923.0016,717.3968,,14.5456,70.5387,14.5456,0.0983,
000000000000019373725,3937.5472,787.9355,3923.0016,717.3968,,14.5456,70.5387,14.5456,0.0983,
000000000000019373861,3265.101,597.0869,3262.9123,596.6867,,2.1888,0.4002,2.1888,0.0007,
000000000000019373884,1103.5865,201.8122,1092.4729,297.7827,,11.1137,-95.9705,11.1137,0.3223,
000000000000019374748,5852.787,1171.1908,5834.0911,1066.8765,,18.6959,104.3143,18.6959,0.0978,
000000000000019374874,5852.787,1171.1908,5834.0911,1066.8765,,18.6959,104.3143,18.6959,0.0978,
000000000000019374948,1103.5865,201.8122,1092.4729,297.7827,,11.1137,-95.9705,11.1137,0.3223,
000000000000019375473,12557.4633,2512.8516,12563.8667,2514.1338,,-6.4034,-1.2822,6.4034,0.0005,
000000000000019377521,971.8892,177.7287,973.4693,265.3451,,-1.5802,-87.6164,1.5802,0.3302,
000000000000019377573,3424.9806,626.324,3426.84,626.664,,-1.8593,-0.34,1.8593,0.0005,
000000000000019378040,1809.3403,330.8729,1802.4813,329.6186,,6.859,1.2543,6.859,0.0038,
000000000000019379035,4432.3958,886.9588,4379.9485,800.9584,,52.4473,86.0004,52.4473,0.1074,
000000000000019379967,5520.2366,1104.6447,5634.1966,1030.3219,,-113.96,74.3228,113.96,0.0721,
000000000000019382512,3265.101,597.0869,3262.9123,596.6867,,2.1888,0.4002,2.1888,0.0007,
000000000000019382645,3265.101,597.0869,3262.9123,596.6867,,2.1888,0.4002,2.1888,0.0007,
000000000000019382694,3265.101,597.0869,3262.9123,596.6867,,2.1888,0.4002,2.1888,0.0007,
000000000000019383124,1254.3575,229.3835,1255.2527,229.5473,,-0.8952,-0.1638,0.8952,0.0007,
000000000000019383526,971.8892,177.7287,973.4693,265.3451,,-1.5802,-87.6164,1.5802,0.3302,
000000000000019385995,3424.9806,626.324,3426.84,626.664,,-1.8593,-0.34,1.8593,0.0005,
000000000000019386044,11497.494,2300.743,11523.2285,2305.8934,,-25.7345,-5.1504,25.7345,0.0022,
000000000000019386587,11497.494,2300.743,11523.2285,2305.8934,,-25.7345,-5.1504,25.7345,0.0022,
000000000000019386794,11497.494,2300.743,11523.2285,2305.8934,,-25.7345,-5.1504,25.7345,0.0022,
000000000000019387545,3937.5472,787.9355,3923.0016,717.3968,,14.5456,70.5387,14.5456,0.0983,
000000000000019392824,4372.2856,874.9303,4387.73,802.3814,,-15.4444,72.5489,15.4444,0.0904,
000000000000019393176,3424.9806,626.324,3426.84,626.664,,-1.8593,-0.34,1.8593,0.0005,
000000000000019393248,3424.9806,626.324,3426.84,626.664,,-1.8593,-0.34,1.8593,0.0005,
000000000000019394240,3424.9806,626.324,3426.84,626.664,,-1.8593,-0.34,1.8593,0.0005,
000000000000019394313,3424.9806,626.324,3426.84,626.664,,-1.8593,-0.34,1.8593,0.0005,
000000000000019394708,3424.9806,626.324,3426.84,626.664,,-1.8593,-0.34,1.8593,0.0005,
000000000000019394737,3424.9806,626.324,3426.84,626.664,,-1.8593,-0.34,1.8593,0.0005,
000000000000019394869,4432.3958,886.9588,4379.9485,800.9584,,52.4473,86.0004,52.4473,0.1074,
000000000000019394895,3424.9806,626.324,3426.84,626.664,,-1.8593,-0.34,1.8593,0.0005,
000000000000019395066,4432.3958,886.9588,4379.9485,800.9584,,52.4473,86.0004,52.4473,0.1074,
000000000000019396375,3424.9806,626.324,3426.84,626.664,,-1.8593,-0.34,1.8593,0.0005,
000000000000019399734,3424.9806,626.324,3426.84,626.664,,-1.8593,-0.34,1.8593,0.0005,
000000000000019400372,5687.9308,1138.2017,5673.0521,1037.4274,,14.8787,100.7743,14.8787,0.0971,
000000000000019403635,4372.2856,874.9303,4387.73,802.3814,,-15.4444,72.5489,15.4444,0.0904,
000000000000019405681,3937.5472,787.9355,3923.0016,717.3968,,14.5456,70.5387,14.5456,0.0983,
000000000000019409465,5388.084,1078.1999,5391.1647,985.8788,,-3.0806,92.3211,3.0806,0.0936,
000000000000019411089,3366.5002,615.6297,3367.6314,615.8366,,-1.1312,-0.2069,1.1312,0.0003,
000000000000019414264,3937.5472,787.9355,3923.0016,717.3968,,14.5456,70.5387,14.5456,0.0983,
000000000000019415132,4372.2856,874.9303,4387.73,802.3814,,-15.4444,72.5489,15.4444,0.0904,
000000000000019418973,1103.5865,201.8122,1092.4729,297.7827,,11.1137,-95.9705,11.1137,0.3223,
000000000000019425415,3424.9806,626.324,3426.84,626.664,,-1.8593,-0.34,1.8593,0.0005,
000000000000019428135,4372.2856,874.9303,4387.73,802.3814,,-15.4444,72.5489,15.4444,0.0904,
000000000000019428217,4372.2856,874.9303,4387.73,802.3814,,-15.4444,72.5489,15.4444,0.0904,
000000000000019428302,4372.2856,874.9303,4387.73,802.3814,,-15.4444,72.5489,15.4444,0.0904,
000000000000019428443,4181.5518,836.7629,4159.2084,760.5918,,22.3433,76.1711,22.3433,0.1001,
000000000000019428594,1522.9251,278.4963,1482.2388,271.0561,,40.6863,7.4402,40.6863,0.0274,
000000000000019429538,2322.2513,424.6686,2294.6939,419.6292,,27.5574,5.0394,27.5574,0.012,
000000000000019429698,2322.2513,424.6686,2294.6939,419.6292,,27.5574,5.0394,27.5574,0.012,
000000000000019429781,5388.084,1078.1999,5391.1647,985.8788,,-3.0806,92.3211,3.0806,0.0936,
000000000000019430980,3937.5472,787.9355,3923.0016,717.3968,,14.5456,70.5387,14.5456,0.0983,
000000000000019431948,5388.084,1078.1999,5391.1647,985.8788,,-3.0806,92.3211,3.0806,0.0936,
000000000000019432095,3453.3416,631.5104,3429.6731,627.1821,,23.6686,4.3283,23.6686,0.0069,
000000000000019435803,1522.9251,278.4963,1482.2388,271.0561,,40.6863,7.4402,40.6863,0.0274,
000000000000019435994,5388.084,1078.1999,5391.1647,985.8788,,-3.0806,92.3211,3.0806,0.0936,
000000000000019436582,1522.9251,278.4963,1482.2388,271.0561,,40.6863,7.4402,40.6863,0.0274,
000000000000019440954,3777.7725,755.9633,3750.5965,685.8692,,27.176,70.0941,27.176,0.1022,
000000000000019445226,1254.3575,229.3835,1255.2527,229.5473,,-0.8952,-0.1638,0.8952,0.0007,
000000000000019445293,1254.3575,229.3835,1255.2527,229.5473,,-0.8952,-0.1638,0.8952,0.0007,
000000000000019445875,1522.9251,278.4963,1482.2388,271.0561,,40.6863,7.4402,40.6863,0.0274,
000000000000019447516,1522.9251,278.4963,1482.2388,271.0561,,40.6863,7.4402,40.6863,0.0274,
000000000000019447596,5852.787,1171.1908,5834.0911,1066.8765,,18.6959,104.3143,18.6959,0.0978,
000000000000019448124,1522.9251,278.4963,1482.2388,271.0561,,40.6863,7.4402,40.6863,0.0274,
000000000000019452055,1402.319,256.4412,1365.1131,249.6374,,37.2059,6.8038,37.2059,0.0273,
000000000000019454075,3937.5472,787.9355,3923.0016,717.3968,,14.5456,70.5387,14.5456,0.0983,
000000000000019463948,3424.9806,626.324,3426.84,626.664,,-1.8593,-0.34,1.8593,0.0005,
000000000000019464956,3424.9806,626.324,3426.84,626.664,,-1.8593,-0.34,1.8593,0.0005,
000000000000019465035,3424.9806,626.324,3426.84,626.664,,-1.8593,-0.34,1.8593,0.0005,
000000000000019466987,3424.9806,626.324,3426.84,626.664,,-1.8593,-0.34,1.8593,0.0005,
000000000000019479520,3424.9806,626.324,3426.84,626.664,,-1.8593,-0.34,1.8593,0.0005,
000000000000019479618,3937.5472,787.9355,3923.0016,717.3968,,14.5456,70.5387,14.5456,0.0983,
000000000000019489218,3424.9806,626.324,3426.84,626.664,,-1.8593,-0.34,1.8593,0.0005,
000000000000019507583,3330.1588,608.984,3334.6867,609.812,,-4.5279,-0.828,4.5279,0.0014,
000000000000019517028,3906.8197,781.7867,3882.7346,710.0332,,24.0851,71.7535,24.0851,0.1011,
000000000000019519639,3424.9806,626.324,3426.84,626.664,,-1.8593,-0.34,1.8593,0.0005,
000000000000019519678,4432.3958,886.9588,4379.9485,800.9584,,52.4473,86.0004,52.4473,0.1074,
000000000000019522701,1402.319,256.4412,1365.1131,249.6374,,37.2059,6.8038,37.2059,0.0273,
000000000000019525156,3424.9806,626.324,3426.84,626.664,,-1.8593,-0.34,1.8593,0.0005,
000000000000019525488,5852.787,1171.1908,5834.0911,1066.8765,,18.6959,104.3143,18.6959,0.0978,
000000000000019531654,4432.3958,886.9588,4379.9485,800.9584,,52.4473,86.0004,52.4473,0.1074,
000000000000019531978,3453.3416,631.5104,3429.6731,627.1821,,23.6686,4.3283,23.6686,0.0069,
000000000000019533660,3695.4444,675.7835,3676.3373,672.2894,,19.1071,3.4941,19.1071,0.0052,
000000000000019537594,3424.9806,626.324,3426.84,626.664,,-1.8593,-0.34,1.8593,0.0005,
000000000000019552934,2977.6605,544.5228,2931.0937,536.0072,,46.5668,8.5156,46.5668,0.0159,
000000000000019554193,1103.5865,201.8122,1092.4729,297.7827,,11.1137,-95.9705,11.1137,0.3223,
000000000000019554620,1103.5865,201.8122,1092.4729,297.7827,,11.1137,-95.9705,11.1137,0.3223,
000000000000019562553,3937.5472,787.9355,3923.0016,717.3968,,14.5456,70.5387,14.5456,0.0983,
000000000000019568546,4432.3958,886.9588,4379.9485,800.9584,,52.4473,86.0004,52.4473,0.1074,
000000000000019570508,5852.787,1171.1908,5834.0911,1066.8765,,18.6959,104.3143,18.6959,0.0978,
000000000000019570964,3937.5472,787.9355,3923.0016,717.3968,,14.5456,70.5387,14.5456,0.0983,
000000000000019571229,3424.9806,626.324,3426.84,626.664,,-1.8593,-0.34,1.8593,0.0005,
000000000000019573299,2591.4603,473.8987,2588.8989,473.4303,,2.5614,0.4684,2.5614,0.001,
000000000000019573379,2591.4603,473.8987,2588.8989,473.4303,,2.5614,0.4684,2.5614,0.001,
000000000000019573382,2591.4603,473.8987,2588.8989,473.4303,,2.5614,0.4684,2.5614,0.001,
000000000000019573385,2591.4603,473.8987,2588.8989,473.4303,,2.5614,0.4684,2.5614,0.001,
000000000000019573466,2591.4603,473.8987,2588.8989,473.4303,,2.5614,0.4684,2.5614,0.001,
000000000000019574900,3937.5472,787.9355,3923.0016,717.3968,,14.5456,70.5387,14.5456,0.0983,
000000000000019574903,3937.5472,787.9355,3923.0016,717.3968,,14.5456,70.5387,14.5456,0.0983,
000000000000019574908,4055.4022,811.5193,4043.8377,739.494,,11.5645,72.0253,11.5645,0.0974,
000000000000019578420,3424.9806,626.324,3426.84,626.664,,-1.8593,-0.34,1.8593,0.0005,
000000000000019584704,4537.5966,908.0104,4486.6229,820.4658,,50.9738,87.5446,50.9738,0.1067,
000000000000019608735,3424.9806,626.324,3426.84,626.664,,-1.8593,-0.34,1.8593,0.0005,
